{"meta": {"filename": "low_10x20x4", "kind": "repaired", "objective": "10.000000000000002"}, "master_vars": {"0": {"lambda[0,51]*": 3.4178818181897577, "lambda[0,53]*": 1.0, "lambda[0,57]*": 0.28940342728795043, "lambda[0,70]*": 2.0, "lambda[0,71]*": 2.106040205821984, "lambda[0,74]*": 1.9999999999999998, "lambda[0,77]*": 1.5266008352479241, "lambda[0,84]*": 0.1632933186151427, "lambda[0,86]*": 0.4050199917564823, "lambda[0,88]*": 2.5461235637844077, "lambda[0,91]*": 0.8601927245155274, "lambda[0,92]*": 3.264668559999377, "lambda[0,100]*": 0.4207755547814461}}}