{"meta": {"filename": "PT_low_10x10_10x19", "kind": "repaired", "objective": "0.0"}, "master_vars": {"0": {"lambda[0,31]*": 8.783634819983622, "lambda[0,48]*": 0.3521628604588656, "lambda[0,50]*": 0.8642023195575128}, "1": {"lambda[1,30]*": 4.413759379255611, "lambda[1,33]*": 2.802545260926911, "lambda[1,38]*": 1.5125639084782014, "lambda[1,49]*": 0.4559146280758444, "lambda[1,50]*": 0.5315838028460953, "lambda[1,51]*": 0.283633020417341}}}