{"meta": {"filename": "PT_low_10x10_10x47", "kind": "repaired", "objective": "0.0"}, "master_vars": {"0": {"lambda[0,36]*": 8.568586274055397, "lambda[0,39]*": 0.9188405656246381, "lambda[0,40]*": 0.5125731603199647}, "1": {"lambda[1,49]*": 7.067862184660085, "lambda[1,50]*": 2.0816414876809595, "lambda[1,53]*": 0.8504963276589551}}}