{"meta": {"filename": "low_10x20x4", "kind": "repaired", "objective": "10.000000000000002"}, "master_vars": {"0": {"lambda[0,53]*": 2.0, "lambda[0,65]*": 0.017694031061523684, "lambda[0,66]*": 0.12448373131711561, "lambda[0,67]*": 0.8375007675284002, "lambda[0,68]*": 2.000000000000001, "lambda[0,71]*": 0.6906734132042226, "lambda[0,72]*": 2.750978436685115, "lambda[0,76]*": 1.0000000000000002, "lambda[0,77]*": 3.609368638746042, "lambda[0,81]*": 1.029109007593849, "lambda[0,88]*": 0.5237839572057951, "lambda[0,94]*": 5.416408016657935}}}