{"meta": {"filename": "low_10x10_10x1_linear", "kind": "repaired", "objective": "122.0"}, "master_vars": {"0": {"lambda[0,57]*": 1.946892742283963, "lambda[0,62]*": 4.191590833916662, "lambda[0,71]*": 0.14340960217465815, "lambda[0,79]*": 1.1064105825194332, "lambda[0,90]*": 2.0, "lambda[0,96]*": 0.6116962391052843}, "1": {"lambda[1,55]*": 0.13678416208280594, "lambda[1,69]*": 2.123234628867446, "lambda[1,73]*": 1.0817384895193478, "lambda[1,74]*": 3.0, "lambda[1,75]*": 0.7330538434846062, "lambda[1,77]*": 1.2377983517492062, "lambda[1,91]*": 1.6873905242965876}}}