{"meta": {"filename": "PT_low_10x10_10x15", "kind": "repaired", "objective": "101.0"}, "master_vars": {"0": {"lambda[0,71]*": 0.9999999999999997, "lambda[0,72]*": 1.0, "lambda[0,74]*": 4.0, "lambda[0,80]*": 9.76846635802886e-08, "lambda[0,88]*": 1.0, "lambda[0,103]*": 1.0, "lambda[0,105]*": 0.9999999023153364, "lambda[0,122]*": 1.0}, "1": {"lambda[1,40]*": 7.0, "lambda[1,47]*": 1.0, "lambda[1,48]*": 1.0, "lambda[1,51]*": 1.0}}}