{"meta": {"filename": "low_10x10_10x7", "kind": "repaired", "objective": "5.0"}, "master_vars": {"0": {"lambda[0,59]*": 7.0, "lambda[0,63]*": 1.0, "lambda[0,65]*": 1.0, "lambda[0,67]*": 1.0}, "1": {"lambda[1,25]*": 1.0, "lambda[1,42]*": 1.0, "lambda[1,63]*": 2.0, "lambda[1,67]*": 1.0, "lambda[1,71]*": 2.0, "lambda[1,73]*": 1.0, "lambda[1,83]*": 1.0000000000000264, "lambda[1,84]*": 0.9999999999999736}}}