{"meta": {"filename": "low_10x20x4", "kind": "repaired", "objective": "10.000000000000004"}, "master_vars": {"0": {"lambda[0,41]*": 0.17340473878825122, "lambda[0,51]*": 0.06650696237613518, "lambda[0,54]*": 0.03963750919302794, "lambda[0,58]*": 2.0, "lambda[0,64]*": 1.2411534736448868, "lambda[0,66]*": 0.1890439999486729, "lambda[0,70]*": 3.663843763741358, "lambda[0,72]*": 1.999999999999997, "lambda[0,74]*": 0.9603624908069766, "lambda[0,77]*": 0.3595207562241091, "lambda[0,84]*": 1.927140895718523, "lambda[0,86]*": 5.97884926974721, "lambda[0,89]*": 1.0772216323297465, "lambda[0,106]*": 0.323314507481107}}}