{"meta": {"filename": "low_10x10_10x7", "kind": "repaired", "objective": "4.999999999999948"}, "master_vars": {"0": {"lambda[0,64]*": 1.1505262793040445, "lambda[0,73]*": 5.161908447363058, "lambda[0,84]*": 0.13260689700129058, "lambda[0,86]*": 3.5549583763316073}, "1": {"lambda[1,46]*": 2.505253875912666, "lambda[1,48]*": 1.5963822819627627, "lambda[1,59]*": 0.6367830216629025, "lambda[1,60]*": 0.9999999999999896, "lambda[1,63]*": 2.1664160555785013, "lambda[1,64]*": 1.7036782842989326, "lambda[1,68]*": 0.029680285413920884, "lambda[1,71]*": 0.02656211565434312, "lambda[1,73]*": 0.33524407951598967}}}