{"meta": {"filename": "low_10x10_10x0", "kind": "repaired", "objective": "0.0"}, "master_vars": {"0": {"lambda[0,26]*": 6.487773820846362, "lambda[0,27]*": 0.7228425674264459, "lambda[0,29]*": 1.930379494613281, "lambda[0,30]*": 0.8590041171139111}, "1": {"lambda[1,14]*": 0.14068012129727803, "lambda[1,15]*": 1.685380808722492, "lambda[1,22]*": 1.3596326390806377, "lambda[1,24]*": 4.320565990206805, "lambda[1,25]*": 2.493740440692784}}}