{"meta": {"filename": "PT_low_10x10_10x7", "kind": "repaired", "objective": "0.0"}, "master_vars": {"0": {"lambda[0,28]*": 0.13919167235577934, "lambda[0,33]*": 4.005380647020329, "lambda[0,41]*": 3.6713931282552403, "lambda[0,44]*": 0.895278277657716, "lambda[0,49]*": 1.288756274710936}, "1": {"lambda[1,76]*": 2.145951134589719, "lambda[1,78]*": 4.839035572216304, "lambda[1,79]*": 3.0150132931939777}}}