{"meta": {"filename": "low_10x10_10x1_linear_linear", "kind": "repaired", "objective": "0.0"}, "master_vars": {"0": {"lambda[0,24]*": 6.67729149022836, "lambda[0,26]*": 2.0313653514691095, "lambda[0,29]*": 1.2913431583025299}, "1": {"lambda[1,23]*": 3.5249213300154882, "lambda[1,30]*": 3.6236055405418046, "lambda[1,31]*": 2.8514731294427067}}}