{"meta": {"filename": "low_10x10_10x11", "kind": "repaired", "objective": "-0.0"}, "master_vars": {"0": {"lambda[0,17]*": 3.0000000000000004, "lambda[0,20]*": 2.0, "lambda[0,21]*": 2.9999999999999987, "lambda[0,22]*": 2.0}, "1": {"lambda[1,19]*": 4.999999999999996, "lambda[1,20]*": 5.0000000000000036}}}