{"meta": {"filename": "low_10x10_10x7", "kind": "repaired", "objective": "5.000000000000002"}, "master_vars": {"0": {"lambda[0,36]*": 10.0}, "1": {"lambda[1,28]*": 0.029330866232191766, "lambda[1,31]*": 1.659714587843422, "lambda[1,35]*": 2.0958330961106566, "lambda[1,40]*": 0.5901030960319597, "lambda[1,42]*": 1.0283207547169804, "lambda[1,43]*": 0.26379627503722236, "lambda[1,47]*": 1.0000000000000004, "lambda[1,56]*": 0.6643894229641609, "lambda[1,57]*": 2.668511901063405}}}