{"meta": {"filename": "low_10x20x4", "kind": "repaired", "objective": "10.0"}, "master_vars": {"0": {"lambda[0,54]*": 0.22550774901369752, "lambda[0,58]*": 2.0, "lambda[0,62]*": 1.1549149219674413, "lambda[0,64]*": 1.2142264823701208, "lambda[0,70]*": 1.5691680415381741, "lambda[0,72]*": 3.0, "lambda[0,74]*": 0.7744922509863025, "lambda[0,86]*": 3.9346444110861865, "lambda[0,90]*": 1.963478750255745, "lambda[0,97]*": 2.1635673927823316, "lambda[0,101]*": 2.0}}}