{"meta": {"filename": "low_10x10_10x12", "kind": "repaired", "objective": "0.0"}, "master_vars": {"0": {"lambda[0,69]*": 3.6976357837608673, "lambda[0,72]*": 4.440624332340432, "lambda[0,73]*": 1.8617398838987003}, "1": {"lambda[1,16]*": 2.7267682651169642, "lambda[1,19]*": 2.4989555952751545, "lambda[1,21]*": 3.5939913213690313, "lambda[1,27]*": 1.0861141763827489, "lambda[1,31]*": 0.09417064185610227}}}