{"meta": {"filename": "low_10x10_10x2", "kind": "repaired", "objective": "22.0"}, "master_vars": {"0": {"lambda[0,26]*": 0.0521000993902927, "lambda[0,66]*": 0.01996271356676179, "lambda[0,145]*": 2.46051845988469, "lambda[0,150]*": 4.477033081594413, "lambda[0,152]*": 2.990385645563843}, "1": {"lambda[1,36]*": 0.012588062731507064, "lambda[1,49]*": 0.2784281609334834, "lambda[1,58]*": 1.0, "lambda[1,59]*": 0.22590391112115027, "lambda[1,60]*": 3.6313465088878276, "lambda[1,61]*": 3.851733356326032, "lambda[1,63]*": 1.0}}}