{"meta": {"filename": "PT_low_10x10_10x49", "kind": "repaired", "objective": "246.99999999999994"}, "master_vars": {"0": {"lambda[0,26]*": 2.8692265695321737, "lambda[0,56]*": 1.161779089362947, "lambda[0,58]*": 0.9106311335579053, "lambda[0,63]*": 0.04760034436701628, "lambda[0,67]*": 0.3846229473719417, "lambda[0,69]*": 1.9999999999999993, "lambda[0,70]*": 0.0977921205954092, "lambda[0,74]*": 0.0893688664420943, "lambda[0,77]*": 0.4321299950574039, "lambda[0,78]*": 1.0, "lambda[0,82]*": 0.5175849320326491, "lambda[0,90]*": 0.4892640016804593}, "1": {"lambda[1,26]*": 0.2633016397223022, "lambda[1,34]*": 8.326884691764882, "lambda[1,42]*": 1.4098136685128162}}}