{"meta": {"filename": "low_10x10_10x6", "kind": "repaired", "objective": "0.0"}, "master_vars": {"0": {"lambda[0,24]*": 1.010046601796121, "lambda[0,25]*": 3.1814055294250125, "lambda[0,26]*": 3.7889530710841806, "lambda[0,27]*": 1.4922204967360826, "lambda[0,28]*": 0.5273743009586038}, "1": {"lambda[1,22]*": 6.198353193392619, "lambda[1,25]*": 3.8016468066073807}}}