{"meta": {"filename": "low_10x10_10x1", "kind": "repaired", "objective": "0.0"}, "master_vars": {"0": {"lambda[0,25]*": 1.2869467058527215, "lambda[0,28]*": 0.6389550368202326, "lambda[0,29]*": 0.3682008889416656, "lambda[0,32]*": 4.17203842160701, "lambda[0,33]*": 1.6505534886630877, "lambda[0,34]*": 1.0039500262415475, "lambda[0,35]*": 0.3741417707185968, "lambda[0,36]*": 0.5052136611551388}, "1": {"lambda[1,32]*": 9.092269717661877, "lambda[1,38]*": 0.29715270563444013, "lambda[1,39]*": 0.6105775767036837}}}