{"meta": {"filename": "low_10x10_10x0", "kind": "repaired", "objective": "0.0"}, "master_vars": {"0": {"lambda[0,30]*": 4.977489605644596, "lambda[0,35]*": 3.686860425199864, "lambda[0,37]*": 1.3356499691555408}, "1": {"lambda[1,29]*": 3.9533364449182047, "lambda[1,30]*": 4.952254345265742, "lambda[1,33]*": 1.0944092098160532}}}