{"meta": {"filename": "low_10x10_10x4", "kind": "repaired", "objective": "0.0"}, "master_vars": {"0": {"lambda[0,35]*": 2.978861918760208, "lambda[0,38]*": 2.035370245871, "lambda[0,39]*": 0.5596859206812347, "lambda[0,40]*": 4.426081914687558}, "1": {"lambda[1,27]*": 3.134334645489073, "lambda[1,38]*": 0.5701349480225462, "lambda[1,41]*": 6.295530406488381}}}