{"meta": {"filename": "PT_low_10x10_10x3", "kind": "repaired", "objective": "0.0"}, "master_vars": {"0": {"lambda[0,37]*": 4.080201266705347, "lambda[0,43]*": 3.510017956756009, "lambda[0,44]*": 1.8788275521422229, "lambda[0,47]*": 0.5309532243964201}, "1": {"lambda[1,25]*": 1.6130046044386606, "lambda[1,28]*": 1.069289012462862, "lambda[1,36]*": 6.233104956008608, "lambda[1,38]*": 1.0846014270898652}}}