{"meta": {"filename": "PT_low_10x10_10x6", "kind": "repaired", "objective": "0.0"}, "master_vars": {"0": {"lambda[0,16]*": 1.6013235987264447, "lambda[0,17]*": 2.953928578189126, "lambda[0,20]*": 2.621888262509817, "lambda[0,22]*": 2.822859560574612}, "1": {"lambda[1,24]*": 3.09682050337393, "lambda[1,41]*": 6.90317949662607}}}