{"meta": {"filename": "PT_low_10x10_10x1", "kind": "repaired", "objective": "0.0"}, "master_vars": {"0": {"lambda[0,20]*": 4.410674636937764, "lambda[0,45]*": 3.014248968497862, "lambda[0,50]*": 2.575076394564374}, "1": {"lambda[1,27]*": 1.205848044635494, "lambda[1,34]*": 1.7477796659252878, "lambda[1,35]*": 2.291992579924436, "lambda[1,37]*": 3.5562567005960606, "lambda[1,38]*": 1.1981230089187216}}}