{"meta": {"filename": "low_10x10x7", "kind": "repaired", "objective": "0.0"}, "master_vars": {"0": {"lambda[0,59]*": 0.04019575464357536, "lambda[0,64]*": 0.5109768760229181, "lambda[0,66]*": 0.255051138938393, "lambda[0,68]*": 0.20437362232914388, "lambda[0,71]*": 1.1863599332041463, "lambda[0,73]*": 0.7262968839174165, "lambda[0,74]*": 2.669668280779336, "lambda[0,75]*": 0.11722945901204257, "lambda[0,76]*": 2.029655436083934, "lambda[0,77]*": 2.260192615069093}}}