{"meta": {"filename": "low_10x10_10x2", "kind": "repaired", "objective": "22.0"}, "master_vars": {"0": {"lambda[0,48]*": 1.5814487751663509, "lambda[0,62]*": 1.4558140954385734, "lambda[0,63]*": 4.928748357614619, "lambda[0,65]*": 0.6384869422333111, "lambda[0,67]*": 0.7917795812185956, "lambda[0,69]*": 0.5007644438111932, "lambda[0,71]*": 0.10295780451735588}, "1": {"lambda[1,44]*": 3.0516424083890894, "lambda[1,48]*": 3.5629642228677905, "lambda[1,54]*": 0.8415878148618162, "lambda[1,56]*": 0.5438055538813047, "lambda[1,57]*": 2.0}}}