{"meta": {"filename": "PT_low_10x10_10x40", "kind": "repaired", "objective": "40.0"}, "master_vars": {"0": {"lambda[0,114]*": 6.0, "lambda[0,115]*": 4.0}, "1": {"lambda[1,60]*": 1.7573691047394846, "lambda[1,62]*": 1.8895113690869487, "lambda[1,78]*": 0.8863312242603296, "lambda[1,81]*": 0.6889761392237973, "lambda[1,85]*": 1.8685146007622577, "lambda[1,86]*": 1.5036825061353631, "lambda[1,89]*": 1.4056150557918188}}}