{"meta": {"filename": "low_10x10_10x7", "kind": "repaired", "objective": "5.0"}, "master_vars": {"0": {"lambda[0,73]*": 4.2380274148482435, "lambda[0,86]*": 5.7619725851517565}, "1": {"lambda[1,33]*": 0.11324032708937526, "lambda[1,46]*": 1.411579191458388, "lambda[1,63]*": 0.6388956013746487, "lambda[1,64]*": 2.9109447957498857, "lambda[1,66]*": 1.1190264906113874, "lambda[1,67]*": 0.8867596729106247, "lambda[1,68]*": 2.283037434599021, "lambda[1,80]*": 0.6365164862066692}}}