{"meta": {"filename": "low_10x10_10x1", "kind": "repaired", "objective": "0.0"}, "master_vars": {"0": {"lambda[0,36]*": 0.3959545069942461, "lambda[0,56]*": 0.7674552040302087, "lambda[0,59]*": 0.7349329684770753, "lambda[0,91]*": 0.19130416108885667, "lambda[0,126]*": 0.5745895533893632, "lambda[0,131]*": 0.6437349633732506, "lambda[0,139]*": 2.929570661308129, "lambda[0,147]*": 2.268620446213331, "lambda[0,151]*": 1.4938375351255386}, "1": {"lambda[1,49]*": 10.0}}}