{"meta": {"filename": "low_10x10_10x7", "kind": "repaired", "objective": "2.0"}, "master_vars": {"0": {"lambda[0,47]*": 1.098552944422126, "lambda[0,50]*": 8.901447055577874}, "1": {"lambda[1,44]*": 1.0767483721954776, "lambda[1,53]*": 0.10247852434022453, "lambda[1,70]*": 0.8785407180939857, "lambda[1,72]*": 0.9054088954603292, "lambda[1,111]*": 0.7655399615974896, "lambda[1,122]*": 1.864769040933969, "lambda[1,124]*": 0.9497092676589636, "lambda[1,128]*": 0.10826468786223957, "lambda[1,129]*": 2.2165590177950376, "lambda[1,131]*": 0.8538940006666622, "lambda[1,137]*": 0.278087513395621}}}