{"meta": {"filename": "low_10x10_10x2", "kind": "repaired", "objective": "22.0"}, "master_vars": {"0": {"lambda[0,108]*": 1.0338626428397821, "lambda[0,111]*": 2.8010306643455114, "lambda[0,112]*": 2.123821504932147, "lambda[0,114]*": 2.2575932231303684, "lambda[0,115]*": 1.7836919647521907}, "1": {"lambda[1,18]*": 0.02020561999529935, "lambda[1,34]*": 2.7636824948316234, "lambda[1,36]*": 2.0, "lambda[1,37]*": 4.12410606742336, "lambda[1,38]*": 0.0038364607294879343, "lambda[1,39]*": 1.0881693570202293}}}