{"meta": {"filename": "PT_low_10x10_10x13", "kind": "repaired", "objective": "0.0"}, "master_vars": {"0": {"lambda[0,33]*": 1.1202383071151618, "lambda[0,36]*": 3.5445419111243948, "lambda[0,40]*": 1.7425960091828279, "lambda[0,43]*": 3.592623772577615}, "1": {"lambda[1,43]*": 1.3099559755565662, "lambda[1,45]*": 0.41927964183672595, "lambda[1,54]*": 3.5019628901205637, "lambda[1,67]*": 2.4824317734398256, "lambda[1,73]*": 2.2863697190463173}}}