{"meta": {"filename": "PT_low_10x10_10x31", "kind": "repaired", "objective": "0.0"}, "master_vars": {"0": {"lambda[0,32]*": 2.6737742142192613, "lambda[0,33]*": 2.539429464141038, "lambda[0,34]*": 0.6091717884780741, "lambda[0,35]*": 1.1836758657150208, "lambda[0,36]*": 2.7054820365597596, "lambda[0,38]*": 0.2884666308868456}, "1": {"lambda[1,32]*": 6.607731172488921, "lambda[1,56]*": 0.6521183158438136, "lambda[1,84]*": 2.7401505116672658}}}