{"meta": {"filename": "PT_low_10x10_10x29", "kind": "repaired", "objective": "0.0"}, "master_vars": {"0": {"lambda[0,16]*": 1.7795778991198836, "lambda[0,21]*": 2.667718689180126, "lambda[0,23]*": 0.6421820289313876, "lambda[0,24]*": 1.9851279832330566, "lambda[0,25]*": 1.4070037133257527, "lambda[0,26]*": 0.9499283696434047, "lambda[0,27]*": 0.2790794958778788, "lambda[0,28]*": 0.2893818206885106}}}