{"meta": {"filename": "PT_low_10x10_10x40", "kind": "repaired", "objective": "40.0"}, "master_vars": {"0": {"lambda[0,89]*": 5.792110592365796, "lambda[0,91]*": 0.20788940763420438, "lambda[0,92]*": 4.0}, "1": {"lambda[1,47]*": 0.15806402559952273, "lambda[1,48]*": 2.9379497493347606, "lambda[1,62]*": 0.4865000044525081, "lambda[1,64]*": 1.030898601631625, "lambda[1,72]*": 2.41980465384679, "lambda[1,74]*": 0.329240829713981, "lambda[1,78]*": 0.9246109735825735, "lambda[1,80]*": 0.3289022030019047, "lambda[1,81]*": 1.281746130961548, "lambda[1,82]*": 0.1022828278747882}}}