{"meta": {"filename": "PT_low_10x10_10x33", "kind": "repaired", "objective": "348.0"}, "master_vars": {"0": {"lambda[0,43]*": 1.0, "lambda[0,46]*": 1.0, "lambda[0,47]*": 0.9999999999999996, "lambda[0,50]*": 5.0, "lambda[0,52]*": 1.9999999999999116}, "1": {"lambda[1,25]*": 1.0, "lambda[1,33]*": 1.0, "lambda[1,52]*": 4.0, "lambda[1,55]*": 0.9999999999999993, "lambda[1,58]*": 1.0, "lambda[1,64]*": 1.000000000000009, "lambda[1,69]*": 0.9999999999999913}}}