{"meta": {"filename": "PT_low_10x10_10x48", "kind": "repaired", "objective": "110.0"}, "master_vars": {"0": {"lambda[0,65]*": 1.0, "lambda[0,66]*": 2.0, "lambda[0,68]*": 3.0, "lambda[0,75]*": 4.0}, "1": {"lambda[1,60]*": 0.9999999999999929, "lambda[1,62]*": 1.0, "lambda[1,75]*": 3.0, "lambda[1,76]*": 2.0, "lambda[1,78]*": 1.000000000000007, "lambda[1,88]*": 2.0}}}