{"meta": {"filename": "PT_low_10x10_10x24", "kind": "repaired", "objective": "165.0"}, "master_vars": {"0": {"lambda[0,24]*": 1.0000001729257633, "lambda[0,37]*": 3.0, "lambda[0,69]*": 3.0, "lambda[0,70]*": 0.9999998270742367, "lambda[0,73]*": 1.0, "lambda[0,74]*": 1.0}, "1": {"lambda[1,33]*": 4.0, "lambda[1,37]*": 2.0, "lambda[1,38]*": 2.0000001729257635, "lambda[1,40]*": 2.0}}}