{"meta": {"filename": "PT_low_10x10_10x28", "kind": "repaired", "objective": "5.0"}, "master_vars": {"0": {"lambda[0,63]*": 8.3984375, "lambda[0,66]*": 0.6015625, "lambda[0,68]*": 1.0}, "1": {"lambda[1,53]*": 0.4168898750082966, "lambda[1,69]*": 0.025710757021180485, "lambda[1,71]*": 0.006289242978819365, "lambda[1,77]*": 2.0838625693115937, "lambda[1,78]*": 2.627908606585405, "lambda[1,80]*": 2.5605728298778723, "lambda[1,81]*": 0.2643011252288724, "lambda[1,82]*": 1.4909489943101373, "lambda[1,83]*": 0.5235159996778227}}}