{"meta": {"filename": "low_10x10_10x2", "kind": "repaired", "objective": "21.0"}, "master_vars": {"0": {"lambda[0,44]*": 0.007953255312327084, "lambda[0,74]*": 0.017202037001817813, "lambda[0,128]*": 0.5169129921315485, "lambda[0,131]*": 6.736447134768672, "lambda[0,134]*": 1.7031766890419509, "lambda[0,135]*": 1.018307891743685}, "1": {"lambda[1,66]*": 0.32289663849104544, "lambda[1,70]*": 3.5168019024903763, "lambda[1,72]*": 1.7592608834226036, "lambda[1,73]*": 2.4010405755959745, "lambda[1,75]*": 1.0, "lambda[1,84]*": 1.0}}}