{"meta": {"filename": "low_10x10_10x0", "kind": "repaired", "objective": "0.0"}, "master_vars": {"0": {"lambda[0,31]*": 0.8370703767477731, "lambda[0,33]*": 5.312415787377812, "lambda[0,34]*": 1.7857584126145656, "lambda[0,35]*": 2.0078925792963758, "lambda[0,36]*": 0.056862843963473166}, "1": {"lambda[1,25]*": 7.3982425487980255, "lambda[1,32]*": 1.6021632272230217, "lambda[1,33]*": 0.9995942239789535}}}