{"meta": {"filename": "low_10x10_10x1", "kind": "repaired", "objective": "0.0"}, "master_vars": {"0": {"lambda[0,40]*": 1.0419766055945634, "lambda[0,55]*": 2.368961823194403, "lambda[0,68]*": 0.9234264297497766, "lambda[0,83]*": 1.9998640647658117, "lambda[0,90]*": 1.3754937032966639, "lambda[0,109]*": 1.9743404348269586, "lambda[0,130]*": 0.3159369385718225}, "1": {"lambda[1,56]*": 2.017343517082042, "lambda[1,58]*": 7.9826564829179585}}}