{"meta": {"filename": "low_10x10_10x7", "kind": "repaired", "objective": "5.0"}, "master_vars": {"0": {"lambda[0,28]*": 0.17908645096486886, "lambda[0,50]*": 9.820913549035131}, "1": {"lambda[1,44]*": 2.308772423342173, "lambda[1,64]*": 0.6155807877437054, "lambda[1,66]*": 1.1400616894800175, "lambda[1,70]*": 2.4274430220282186, "lambda[1,72]*": 1.5376416581402532, "lambda[1,78]*": 0.9705004192656358, "lambda[1,79]*": 1.0}}}