{"meta": {"filename": "low_10x10_10x3", "kind": "repaired", "objective": "-0.0"}, "master_vars": {"0": {"lambda[0,19]*": 2.0, "lambda[0,22]*": 1.0, "lambda[0,24]*": 5.0, "lambda[0,25]*": 1.9999999999999998}, "1": {"lambda[1,17]*": 6.0, "lambda[1,19]*": 2.0000000000000004, "lambda[1,25]*": 2.0}}}