{"meta": {"filename": "PT_low_10x10_10x40", "kind": "repaired", "objective": "40.0"}, "master_vars": {"0": {"lambda[0,66]*": 2.335592064152296, "lambda[0,71]*": 4.0, "lambda[0,72]*": 3.664407935847704}, "1": {"lambda[1,30]*": 1.8068599099817046, "lambda[1,33]*": 0.5969189616034641, "lambda[1,44]*": 3.2999293201293876, "lambda[1,50]*": 0.19908892569132683, "lambda[1,54]*": 1.2667777721641729, "lambda[1,59]*": 0.5707294592424891, "lambda[1,62]*": 0.11445827087295903, "lambda[1,67]*": 1.956483310402013, "lambda[1,68]*": 0.18875406991248336}}}