{"meta": {"filename": "low_10x10_10x0_linear", "kind": "repaired", "objective": "0.0"}, "master_vars": {"0": {"lambda[0,16]*": 1.9588673785796085, "lambda[0,17]*": 3.574465954753724, "lambda[0,18]*": 2.788336937829494, "lambda[0,19]*": 1.5761170797154849, "lambda[0,20]*": 0.10221264912168943}, "1": {"lambda[1,15]*": 7.846052380222369, "lambda[1,20]*": 2.153947619777631}}}