{"meta": {"filename": "low_10x10_10x1_linear", "kind": "repaired", "objective": "122.0"}, "master_vars": {"0": {"lambda[0,72]*": 1.186638448431882, "lambda[0,74]*": 1.7563992485461322, "lambda[0,78]*": 1.0, "lambda[0,81]*": 1.0, "lambda[0,88]*": 2.4771265681003953, "lambda[0,91]*": 2.5798357349215904}, "1": {"lambda[1,55]*": 1.1728324217219126, "lambda[1,64]*": 0.509198635611991, "lambda[1,69]*": 2.370960941621226, "lambda[1,74]*": 3.0, "lambda[1,75]*": 1.6896375867524653, "lambda[1,77]*": 0.5521182679956659, "lambda[1,80]*": 0.36001616479487486, "lambda[1,101]*": 0.34523598150186413}}}