{"meta": {"filename": "PT_low_10x10_10x40", "kind": "repaired", "objective": "40.0"}, "master_vars": {"0": {"lambda[0,114]*": 6.0, "lambda[0,115]*": 3.0, "lambda[0,118]*": 1.0}, "1": {"lambda[1,60]*": 0.24969116186811985, "lambda[1,62]*": 2.2284181355540036, "lambda[1,78]*": 0.18536722394860988, "lambda[1,82]*": 0.6339699780453202, "lambda[1,85]*": 2.1084169342058625, "lambda[1,86]*": 1.6737097631842512, "lambda[1,87]*": 0.9875813130657353, "lambda[1,88]*": 0.8111310396248571, "lambda[1,89]*": 0.826805955881159, "lambda[1,90]*": 0.2949084946220829}}}