{"meta": {"filename": "PT_low_10x10_10x40", "kind": "repaired", "objective": "40.0"}, "master_vars": {"0": {"lambda[0,114]*": 6.0, "lambda[0,115]*": 4.0}, "1": {"lambda[1,60]*": 0.7565821708316602, "lambda[1,62]*": 1.708035047652492, "lambda[1,78]*": 0.37111346626649583, "lambda[1,81]*": 0.35583059246852994, "lambda[1,82]*": 0.7071463892980479, "lambda[1,85]*": 2.2425154433050394, "lambda[1,86]*": 1.4220783675852675, "lambda[1,87]*": 0.567769204268197, "lambda[1,88]*": 0.6558387836407759, "lambda[1,89]*": 1.2130905346834937}}}