{"meta": {"filename": "low_10x10_10x7", "kind": "repaired", "objective": "5.0"}, "master_vars": {"0": {"lambda[0,41]*": 0.44279316583460004, "lambda[0,48]*": 8.019638959944913, "lambda[0,50]*": 1.5375678742204866}, "1": {"lambda[1,55]*": 0.37378716302379666, "lambda[1,60]*": 1.1022853811462412, "lambda[1,64]*": 1.3894553998963273, "lambda[1,73]*": 2.283059726876639, "lambda[1,75]*": 2.765782500373796, "lambda[1,76]*": 0.4897142726074995, "lambda[1,78]*": 1.0856298286832025, "lambda[1,79]*": 0.5102857273925006}}}