{"meta": {"filename": "low_10x10_10x4", "kind": "repaired", "objective": "0.0"}, "master_vars": {"0": {"lambda[0,30]*": 5.798166350247167, "lambda[0,33]*": 0.3973650916498614, "lambda[0,38]*": 3.804468558102974}, "1": {"lambda[1,37]*": 0.844955544086841, "lambda[1,48]*": 2.8164876685567157, "lambda[1,49]*": 3.684623496190162, "lambda[1,51]*": 2.65393329116628}}}