{"meta": {"filename": "low_10x10_10x1", "kind": "repaired", "objective": "0.0"}, "master_vars": {"0": {"lambda[0,61]*": 2.6151421269429065, "lambda[0,76]*": 0.35822610866432525, "lambda[0,93]*": 1.3345985517175971, "lambda[0,101]*": 1.460742019625262, "lambda[0,109]*": 1.1702216581090468, "lambda[0,123]*": 2.222795642823594, "lambda[0,130]*": 0.838273892117267}, "1": {"lambda[1,45]*": 1.374159634248178, "lambda[1,50]*": 8.625840365751822}}}