{"meta": {"filename": "low_10x10_10x6", "kind": "repaired", "objective": "0.0"}, "master_vars": {"0": {"lambda[0,63]*": 0.4231825895106479, "lambda[0,66]*": 0.43037889758774395, "lambda[0,72]*": 1.0931783732666245, "lambda[0,78]*": 6.641167388423494, "lambda[0,85]*": 1.4120927512114905}, "1": {"lambda[1,33]*": 5.050148736574973, "lambda[1,37]*": 2.687356551426998, "lambda[1,40]*": 2.1610635160225558, "lambda[1,41]*": 0.10143119597547445}}}