{"meta": {"filename": "low_10x10_10x8", "kind": "repaired", "objective": "0.0"}, "master_vars": {"0": {"lambda[0,19]*": 7.0677941089078455, "lambda[0,24]*": 1.9322058910921545}, "1": {"lambda[1,20]*": 0.9020207895771197, "lambda[1,22]*": 0.12544925861285705, "lambda[1,23]*": 2.256920019266861, "lambda[1,25]*": 1.9875649414106844, "lambda[1,26]*": 2.007624941410684, "lambda[1,27]*": 1.3894657309878031, "lambda[1,28]*": 0.6478900979117693, "lambda[1,29]*": 0.5932733333333335, "lambda[1,30]*": 0.08979088748888864}}}