{"meta": {"filename": "low_10x10_10x13", "kind": "repaired", "objective": "56.0"}, "master_vars": {"0": {"lambda[0,61]*": 0.4462945211291327, "lambda[0,65]*": 3.5537054788708673, "lambda[0,107]*": 0.18702476594930317, "lambda[0,115]*": 1.0, "lambda[0,133]*": 1.0663182320284255, "lambda[0,135]*": 0.6734590529186311, "lambda[0,139]*": 1.0, "lambda[0,144]*": 1.8129752340506968, "lambda[0,166]*": 0.2602227150529435}, "1": {"lambda[1,39]*": 0.06681729149685968, "lambda[1,48]*": 0.014778853240237071, "lambda[1,110]*": 0.026702493027586222, "lambda[1,168]*": 8.38325407016894, "lambda[1,176]*": 1.3750233404771475, "lambda[1,245]*": 0.1334239515892294}}}